{
    "meta_data": {
        "name": "RouteScenario_112",
        "index": 0,
        "town": "Town03",
        "Num_agents": 1,
        "simulation_mode": "hybrid"
    },
    "is_terminated": true,
    "tot": 45,
    "adv_collision": false,
    "adv_rel_pos_at_collision": [
        0.385714590549469,
        0.9226181507110596
    ],
    "adv_rel_yaw_at_collision": -0.9769726395606995,
    "Loss": 25.390213012695312,
    "ego_col": 24.861385345458984,
    "adv_rd": 0.026441335678100586,
    "adv_col": 0.0,
    "Collision Metric": 1.0,
    "Time of Termination": 45.0,
    "Cumulative OOB": 0.0,
    "Time spent OOB": 0.0,
    "iteration": 23,
    "first_metrics": {
        "Loss": 25.390213012695312,
        "ego_col": 24.861385345458984,
        "adv_rd": 0.026441335678100586,
        "adv_col": 0.0,
        "Collision Metric": 1.0,
        "Time of Termination": 45.0,
        "Cumulative OOB": 0.0,
        "Time spent OOB": 0.0,
        "adv_collision": false,
        "iteration": 23
    },
    "all_iterations": {
        "0": {
            "Loss": 22.165311813354492,
            "ego_col": 21.454938888549805,
            "adv_rd": 0.035518668591976166,
            "adv_col": 0.0,
            "Collision Metric": 0.0,
            "Time of Termination": -1.0,
            "Cumulative OOB": 0.0,
            "Time spent OOB": 0.0,
            "adv_collision": false,
            "iteration": 0
        },
        "1": {
            "Loss": 21.994897842407227,
            "ego_col": 21.346933364868164,
            "adv_rd": 0.03239819407463074,
            "adv_col": 0.0,
            "Collision Metric": 0.0,
            "Time of Termination": -1.0,
            "Cumulative OOB": 0.0,
            "Time spent OOB": 0.0,
            "adv_collision": false,
            "iteration": 1
        },
        "2": {
            "Loss": 22.63570785522461,
            "ego_col": 22.011259078979492,
            "adv_rd": 0.03122243843972683,
            "adv_col": 0.0,
            "Collision Metric": 0.0,
            "Time of Termination": -1.0,
            "Cumulative OOB": 0.012500000186264515,
            "Time spent OOB": 0.012500000186264515,
            "adv_collision": false,
            "iteration": 2
        },
        "3": {
            "Loss": 22.012014389038086,
            "ego_col": 21.480327606201172,
            "adv_rd": 0.02658429555594921,
            "adv_col": 0.0,
            "Collision Metric": 0.0,
            "Time of Termination": -1.0,
            "Cumulative OOB": 0.012500000186264515,
            "Time spent OOB": 0.012500000186264515,
            "adv_collision": false,
            "iteration": 3
        },
        "4": {
            "Loss": 22.07471466064453,
            "ego_col": 21.633161544799805,
            "adv_rd": 0.022077659144997597,
            "adv_col": 0.0,
            "Collision Metric": 0.0,
            "Time of Termination": -1.0,
            "Cumulative OOB": 0.012500000186264515,
            "Time spent OOB": 0.012500000186264515,
            "adv_collision": false,
            "iteration": 4
        },
        "5": {
            "Loss": 20.54892921447754,
            "ego_col": 20.177576065063477,
            "adv_rd": 0.01856767013669014,
            "adv_col": 0.0,
            "Collision Metric": 0.0,
            "Time of Termination": -1.0,
            "Cumulative OOB": 0.012500000186264515,
            "Time spent OOB": 0.012500000186264515,
            "adv_collision": false,
            "iteration": 5
        },
        "6": {
            "Loss": 20.571643829345703,
            "ego_col": 20.26500129699707,
            "adv_rd": 0.01533212698996067,
            "adv_col": 0.0,
            "Collision Metric": 0.0,
            "Time of Termination": -1.0,
            "Cumulative OOB": 0.012500000186264515,
            "Time spent OOB": 0.012500000186264515,
            "adv_collision": false,
            "iteration": 6
        },
        "7": {
            "Loss": 19.96844482421875,
            "ego_col": 19.54468536376953,
            "adv_rd": 0.02118801884353161,
            "adv_col": 0.0,
            "Collision Metric": 0.0,
            "Time of Termination": -1.0,
            "Cumulative OOB": 0.012500000186264515,
            "Time spent OOB": 0.012500000186264515,
            "adv_collision": false,
            "iteration": 7
        },
        "8": {
            "Loss": 19.46381378173828,
            "ego_col": 18.882488250732422,
            "adv_rd": 0.029066244140267372,
            "adv_col": 0.0,
            "Collision Metric": 0.0,
            "Time of Termination": -1.0,
            "Cumulative OOB": 0.012500000186264515,
            "Time spent OOB": 0.012500000186264515,
            "adv_collision": false,
            "iteration": 8
        },
        "9": {
            "Loss": 34.23038864135742,
            "ego_col": 33.62041473388672,
            "adv_rd": 0.03049868904054165,
            "adv_col": 0.0,
            "Collision Metric": 0.0,
            "Time of Termination": -1.0,
            "Cumulative OOB": 0.012500000186264515,
            "Time spent OOB": 0.012500000186264515,
            "adv_collision": false,
            "iteration": 9
        },
        "10": {
            "Loss": 34.63933563232422,
            "ego_col": 33.98088455200195,
            "adv_rd": 0.03292260318994522,
            "adv_col": 0.0,
            "Collision Metric": 0.0,
            "Time of Termination": -1.0,
            "Cumulative OOB": 0.012500000186264515,
            "Time spent OOB": 0.012500000186264515,
            "adv_collision": false,
            "iteration": 10
        },
        "11": {
            "Loss": 35.34687042236328,
            "ego_col": 34.70204162597656,
            "adv_rd": 0.03224136680364609,
            "adv_col": 0.0,
            "Collision Metric": 0.0,
            "Time of Termination": -1.0,
            "Cumulative OOB": 0.012500000186264515,
            "Time spent OOB": 0.012500000186264515,
            "adv_collision": false,
            "iteration": 11
        },
        "12": {
            "Loss": 35.950225830078125,
            "ego_col": 35.38918685913086,
            "adv_rd": 0.028051897883415222,
            "adv_col": 0.0,
            "Collision Metric": 0.0,
            "Time of Termination": -1.0,
            "Cumulative OOB": 0.012500000186264515,
            "Time spent OOB": 0.012500000186264515,
            "adv_collision": false,
            "iteration": 12
        },
        "13": {
            "Loss": 36.12495422363281,
            "ego_col": 35.51797866821289,
            "adv_rd": 0.030348753556609154,
            "adv_col": 0.0,
            "Collision Metric": 0.0,
            "Time of Termination": -1.0,
            "Cumulative OOB": 0.012500000186264515,
            "Time spent OOB": 0.012500000186264515,
            "adv_collision": false,
            "iteration": 13
        },
        "14": {
            "Loss": 36.0709228515625,
            "ego_col": 35.44530487060547,
            "adv_rd": 0.03128088265657425,
            "adv_col": 0.0,
            "Collision Metric": 0.0,
            "Time of Termination": -1.0,
            "Cumulative OOB": 0.012500000186264515,
            "Time spent OOB": 0.012500000186264515,
            "adv_collision": false,
            "iteration": 14
        },
        "15": {
            "Loss": 35.977073669433594,
            "ego_col": 35.36962890625,
            "adv_rd": 0.030372243374586105,
            "adv_col": 0.0,
            "Collision Metric": 0.0,
            "Time of Termination": -1.0,
            "Cumulative OOB": 0.012500000186264515,
            "Time spent OOB": 0.012500000186264515,
            "adv_collision": false,
            "iteration": 15
        },
        "16": {
            "Loss": 35.91486740112305,
            "ego_col": 35.31678771972656,
            "adv_rd": 0.029903898015618324,
            "adv_col": 0.0,
            "Collision Metric": 0.0,